{"schemaVersion":"1.0","appDefinitionTemplate":{"id":"/providers/Microsoft.PowerApps/apps/","type":"Microsoft.PowerApps/apps","tags":{"minimumRequiredApiVersion":"2.2.0"},"properties":{"appVersion":"2019-01-25T16:07:18Z","lifeCycleId":"Published","createdByClientVersion":{"major":3,"minor":19012,"build":19,"revision":0,"majorRevision":0,"minorRevision":0},"minClientVersion":{"major":3,"minor":19012,"build":19,"revision":0,"majorRevision":0,"minorRevision":0},"backgroundColor":"rgba(243, 138, 122, 1)","backgroundImageUri":"/4249508358862288347/N70686ac2-127d-4d85-9492-aa500fa6aadc-logoSmallFile","displayName":"SharePoint-Powered Thumbnails [Mobile]","description":"SharePoint Images in PowerApps Pumped Up\n\nhttps://masteroffice365.com\nbrian.edwards@masteroffice365.com","appUris":{"documentUri":{"value":"/4249508358862288347/N8b3fd419-a1d3-49d4-9b1b-6374712674f4-document.msapp","readonlyValue":"/4249508358862288347/N8b3fd419-a1d3-49d4-9b1b-6374712674f4-document.msapp"},"imageUris":[]},"createdTime":"0001-01-01T00:00:00Z","lastModifiedTime":"0001-01-01T00:00:00Z","sharedGroupsCount":0,"sharedUsersCount":0,"icons":{"smallIconUri":"/4249508358862288347/Nfdcb783a-7c86-4a25-ba5f-7e088aaab5eb-small.png","mediumIconUri":"/4249508358862288347/N4f529bb4-b32c-4a0b-960b-0da9a4cf58ed-medium.png","largeIconUri":"/4249508358862288347/N08f1e6c5-0951-4146-be5d-dddeec7b1958-large.png","wideIconUri":"/4249508358862288347/Nfb557879-30a7-4e27-b220-49b78cd8cb76-wide.png"},"connectionReferences":{"409667c6-9e6e-4af9-bbe7-0f52cc50eb96":{"id":"d48c83ee-d64d-4ed3-ad98-ea7546076dd7","displayName":"SharePoint","iconUri":"https://connectoricons-prod.azureedge.net/sharepointonline/icon_1.0.1008.1183.png","dataSources":["Site Assets"],"dependencies":[],"dependents":[],"parameterHints":{},"isOnPremiseConnection":false,"bypassConsent":false,"dataSets":{"https://wonderkid.sharepoint.com/teams/Photos":{"dataSources":{"Site Assets":{"tableName":"Site Assets"}}}},"apiTier":"Standard","isCustomApiConnection":false}},"almMode":"Environment"}}}